caseId,InputPath,InputLabel,TargetPath,TargetLabel
1.2.392.200036.9116.2.5.1.37.2418751871.1574048385.958233,/media/disk1/saeedeh_danaei/ncct_cect/vindr_ds/batch11/1.2.392.200036.9116.2.5.1.37.2418751871.1574048385.958233/1.2.392.200036.9116.2.5.1.37.2418751871.1574048503.5053,non-contrast,/media/disk1/saeedeh_danaei/ncct_cect/vindr_ds/batch11/1.2.392.200036.9116.2.5.1.37.2418751871.1574048385.958233/1.2.392.200036.9116.2.5.1.37.2418751871.1574048696.279902,arterial
1.2.392.200036.9116.2.5.1.37.2418751871.1574048385.958233,/media/disk1/saeedeh_danaei/ncct_cect/vindr_ds/batch11/1.2.392.200036.9116.2.5.1.37.2418751871.1574048385.958233/1.2.392.200036.9116.2.5.1.37.2418751871.1574048503.5053,non-contrast,/media/disk1/saeedeh_danaei/ncct_cect/vindr_ds/batch11/1.2.392.200036.9116.2.5.1.37.2418751871.1574048385.958233/1.2.392.200036.9116.2.5.1.37.2418751871.1574048734.718209,portal-venous
1.2.392.200036.9116.2.5.1.37.2418751871.1574224463.925394,/media/disk1/saeedeh_danaei/ncct_cect/vindr_ds/batch11/1.2.392.200036.9116.2.5.1.37.2418751871.1574224463.925394/1.2.392.200036.9116.2.5.1.37.2418751871.1574224571.943979,non-contrast,/media/disk1/saeedeh_danaei/ncct_cect/vindr_ds/batch11/1.2.392.200036.9116.2.5.1.37.2418751871.1574224463.925394/1.2.392.200036.9116.2.5.1.37.2418751871.1574224696.302277,arterial
1.2.392.200036.9116.2.5.1.37.2418751871.1574224463.925394,/media/disk1/saeedeh_danaei/ncct_cect/vindr_ds/batch11/1.2.392.200036.9116.2.5.1.37.2418751871.1574224463.925394/1.2.392.200036.9116.2.5.1.37.2418751871.1574224571.943979,non-contrast,/media/disk1/saeedeh_danaei/ncct_cect/vindr_ds/batch11/1.2.392.200036.9116.2.5.1.37.2418751871.1574224463.925394/1.2.392.200036.9116.2.5.1.37.2418751871.1574224734.595321,portal-venous
1.2.392.200036.9116.2.5.1.37.2418751871.1574308298.505216,/media/disk1/saeedeh_danaei/ncct_cect/vindr_ds/batch11/1.2.392.200036.9116.2.5.1.37.2418751871.1574308298.505216/1.2.392.200036.9116.2.5.1.37.2418751871.1574308434.394846,non-contrast,/media/disk1/saeedeh_danaei/ncct_cect/vindr_ds/batch11/1.2.392.200036.9116.2.5.1.37.2418751871.1574308298.505216/1.2.392.200036.9116.2.5.1.37.2418751871.1574308657.765101,arterial
1.2.392.200036.9116.2.5.1.37.2418751871.1574308298.505216,/media/disk1/saeedeh_danaei/ncct_cect/vindr_ds/batch11/1.2.392.200036.9116.2.5.1.37.2418751871.1574308298.505216/1.2.392.200036.9116.2.5.1.37.2418751871.1574308434.394846,non-contrast,/media/disk1/saeedeh_danaei/ncct_cect/vindr_ds/batch11/1.2.392.200036.9116.2.5.1.37.2418751871.1574308298.505216/1.2.392.200036.9116.2.5.1.37.2418751871.1574308815.58753,portal-venous
1.2.392.200036.9116.2.5.1.37.2418751871.1574651082.95426,/media/disk1/saeedeh_danaei/ncct_cect/vindr_ds/batch11/1.2.392.200036.9116.2.5.1.37.2418751871.1574651082.95426/1.2.392.200036.9116.2.5.1.37.2418751871.1574651214.259258,non-contrast,/media/disk1/saeedeh_danaei/ncct_cect/vindr_ds/batch11/1.2.392.200036.9116.2.5.1.37.2418751871.1574651082.95426/1.2.392.200036.9116.2.5.1.37.2418751871.1574651406.540758,arterial
1.2.392.200036.9116.2.5.1.37.2418751871.1574651082.95426,/media/disk1/saeedeh_danaei/ncct_cect/vindr_ds/batch11/1.2.392.200036.9116.2.5.1.37.2418751871.1574651082.95426/1.2.392.200036.9116.2.5.1.37.2418751871.1574651214.259258,non-contrast,/media/disk1/saeedeh_danaei/ncct_cect/vindr_ds/batch11/1.2.392.200036.9116.2.5.1.37.2418751871.1574651082.95426/1.2.392.200036.9116.2.5.1.37.2418751871.1574651550.58008,portal-venous
1.2.392.200036.9116.2.5.1.37.2418751871.1574652927.757399,/media/disk1/saeedeh_danaei/ncct_cect/vindr_ds/batch11/1.2.392.200036.9116.2.5.1.37.2418751871.1574652927.757399/1.2.392.200036.9116.2.5.1.37.2418751871.1574653064.64105,non-contrast,/media/disk1/saeedeh_danaei/ncct_cect/vindr_ds/batch11/1.2.392.200036.9116.2.5.1.37.2418751871.1574652927.757399/1.2.392.200036.9116.2.5.1.37.2418751871.1574653294.529158,arterial
1.2.392.200036.9116.2.5.1.37.2418751871.1574652927.757399,/media/disk1/saeedeh_danaei/ncct_cect/vindr_ds/batch11/1.2.392.200036.9116.2.5.1.37.2418751871.1574652927.757399/1.2.392.200036.9116.2.5.1.37.2418751871.1574653064.64105,non-contrast,/media/disk1/saeedeh_danaei/ncct_cect/vindr_ds/batch11/1.2.392.200036.9116.2.5.1.37.2418751871.1574652927.757399/1.2.392.200036.9116.2.5.1.37.2418751871.1574653441.636174,portal-venous
1.2.392.200036.9116.2.5.1.37.2418751871.1574734831.134817,/media/disk1/saeedeh_danaei/ncct_cect/vindr_ds/batch11/1.2.392.200036.9116.2.5.1.37.2418751871.1574734831.134817/1.2.392.200036.9116.2.5.1.37.2418751871.1574734971.168553,non-contrast,/media/disk1/saeedeh_danaei/ncct_cect/vindr_ds/batch11/1.2.392.200036.9116.2.5.1.37.2418751871.1574734831.134817/1.2.392.200036.9116.2.5.1.37.2418751871.1574735190.12206,arterial
1.2.392.200036.9116.2.5.1.37.2418751871.1574734831.134817,/media/disk1/saeedeh_danaei/ncct_cect/vindr_ds/batch11/1.2.392.200036.9116.2.5.1.37.2418751871.1574734831.134817/1.2.392.200036.9116.2.5.1.37.2418751871.1574734971.168553,non-contrast,/media/disk1/saeedeh_danaei/ncct_cect/vindr_ds/batch11/1.2.392.200036.9116.2.5.1.37.2418751871.1574734831.134817/1.2.392.200036.9116.2.5.1.37.2418751871.1574735331.26278,portal-venous
1.2.392.200036.9116.2.5.1.37.2418751871.1574736893.449879,/media/disk1/saeedeh_danaei/ncct_cect/vindr_ds/batch11/1.2.392.200036.9116.2.5.1.37.2418751871.1574736893.449879/1.2.392.200036.9116.2.5.1.37.2418751871.1574737081.879678,non-contrast,/media/disk1/saeedeh_danaei/ncct_cect/vindr_ds/batch11/1.2.392.200036.9116.2.5.1.37.2418751871.1574736893.449879/1.2.392.200036.9116.2.5.1.37.2418751871.1574737322.988342,arterial
1.2.392.200036.9116.2.5.1.37.2418751871.1574736893.449879,/media/disk1/saeedeh_danaei/ncct_cect/vindr_ds/batch11/1.2.392.200036.9116.2.5.1.37.2418751871.1574736893.449879/1.2.392.200036.9116.2.5.1.37.2418751871.1574737081.879678,non-contrast,/media/disk1/saeedeh_danaei/ncct_cect/vindr_ds/batch11/1.2.392.200036.9116.2.5.1.37.2418751871.1574736893.449879/1.2.392.200036.9116.2.5.1.37.2418751871.1574737469.513228,portal-venous
1.2.840.113619.2.278.3.717616.166.1580339212.908,/media/disk1/saeedeh_danaei/ncct_cect/vindr_ds/batch11/1.2.840.113619.2.278.3.717616.166.1580339212.908/1.2.840.113619.2.278.3.717616.166.1580339212.915.4,non-contrast,/media/disk1/saeedeh_danaei/ncct_cect/vindr_ds/batch11/1.2.840.113619.2.278.3.717616.166.1580339212.908/1.2.840.113619.2.278.3.717616.166.1580339213.59.5246977,arterial
1.2.840.113619.2.278.3.717616.166.1580339212.908,/media/disk1/saeedeh_danaei/ncct_cect/vindr_ds/batch11/1.2.840.113619.2.278.3.717616.166.1580339212.908/1.2.840.113619.2.278.3.717616.166.1580339212.915.4,non-contrast,/media/disk1/saeedeh_danaei/ncct_cect/vindr_ds/batch11/1.2.840.113619.2.278.3.717616.166.1580339212.908/1.2.840.113619.2.278.3.717616.166.1580339213.59.5251074,portal-venous
1.2.840.113619.2.278.3.717616.166.1580339213.591,/media/disk1/saeedeh_danaei/ncct_cect/vindr_ds/batch11/1.2.840.113619.2.278.3.717616.166.1580339213.591/1.2.840.113619.2.278.3.717616.166.1580339213.596.3,non-contrast,/media/disk1/saeedeh_danaei/ncct_cect/vindr_ds/batch11/1.2.840.113619.2.278.3.717616.166.1580339213.591/1.2.840.113619.2.278.3.717616.166.1580339213.696.4202498,portal-venous
1.2.840.113619.2.278.3.717616.166.1580339218.937,/media/disk1/saeedeh_danaei/ncct_cect/vindr_ds/batch11/1.2.840.113619.2.278.3.717616.166.1580339218.937/1.2.840.113619.2.278.3.717616.166.1580339218.942.3,non-contrast,/media/disk1/saeedeh_danaei/ncct_cect/vindr_ds/batch11/1.2.840.113619.2.278.3.717616.166.1580339218.937/1.2.840.113619.2.278.3.717616.166.1580339219.79.4198401,arterial
1.2.840.113619.2.278.3.717616.166.1580339218.937,/media/disk1/saeedeh_danaei/ncct_cect/vindr_ds/batch11/1.2.840.113619.2.278.3.717616.166.1580339218.937/1.2.840.113619.2.278.3.717616.166.1580339218.942.3,non-contrast,/media/disk1/saeedeh_danaei/ncct_cect/vindr_ds/batch11/1.2.840.113619.2.278.3.717616.166.1580339218.937/1.2.840.113619.2.278.3.717616.166.1580339219.79.4202498,portal-venous
1.2.840.113619.2.278.3.717616.166.1580339223.519,/media/disk1/saeedeh_danaei/ncct_cect/vindr_ds/batch11/1.2.840.113619.2.278.3.717616.166.1580339223.519/1.2.840.113619.2.278.3.717616.166.1580339223.524.3,non-contrast,/media/disk1/saeedeh_danaei/ncct_cect/vindr_ds/batch11/1.2.840.113619.2.278.3.717616.166.1580339223.519/1.2.840.113619.2.278.3.717616.166.1580339223.616.4198401,arterial
1.2.840.113619.2.278.3.717616.166.1580339223.519,/media/disk1/saeedeh_danaei/ncct_cect/vindr_ds/batch11/1.2.840.113619.2.278.3.717616.166.1580339223.519/1.2.840.113619.2.278.3.717616.166.1580339223.524.3,non-contrast,/media/disk1/saeedeh_danaei/ncct_cect/vindr_ds/batch11/1.2.840.113619.2.278.3.717616.166.1580339223.519/1.2.840.113619.2.278.3.717616.166.1580339223.616.4202498,portal-venous
1.2.840.113619.2.278.3.717616.166.1580339223.956,/media/disk1/saeedeh_danaei/ncct_cect/vindr_ds/batch11/1.2.840.113619.2.278.3.717616.166.1580339223.956/1.2.840.113619.2.278.3.717616.166.1580339223.961.3,non-contrast,/media/disk1/saeedeh_danaei/ncct_cect/vindr_ds/batch11/1.2.840.113619.2.278.3.717616.166.1580339223.956/1.2.840.113619.2.278.3.717616.166.1580339224.53.4198401,arterial
1.2.840.113619.2.278.3.717616.166.1580339223.956,/media/disk1/saeedeh_danaei/ncct_cect/vindr_ds/batch11/1.2.840.113619.2.278.3.717616.166.1580339223.956/1.2.840.113619.2.278.3.717616.166.1580339223.961.3,non-contrast,/media/disk1/saeedeh_danaei/ncct_cect/vindr_ds/batch11/1.2.840.113619.2.278.3.717616.166.1580339223.956/1.2.840.113619.2.278.3.717616.166.1580339224.53.4202498,portal-venous
1.2.840.113619.2.278.3.717616.166.1580339224.657,/media/disk1/saeedeh_danaei/ncct_cect/vindr_ds/batch11/1.2.840.113619.2.278.3.717616.166.1580339224.657/1.2.840.113619.2.278.3.717616.166.1580339224.662.3,non-contrast,/media/disk1/saeedeh_danaei/ncct_cect/vindr_ds/batch11/1.2.840.113619.2.278.3.717616.166.1580339224.657/1.2.840.113619.2.278.3.717616.166.1580339224.754.4198401,arterial
1.2.840.113619.2.278.3.717616.166.1580339224.657,/media/disk1/saeedeh_danaei/ncct_cect/vindr_ds/batch11/1.2.840.113619.2.278.3.717616.166.1580339224.657/1.2.840.113619.2.278.3.717616.166.1580339224.662.3,non-contrast,/media/disk1/saeedeh_danaei/ncct_cect/vindr_ds/batch11/1.2.840.113619.2.278.3.717616.166.1580339224.657/1.2.840.113619.2.278.3.717616.166.1580339224.754.4202498,portal-venous
1.2.840.113619.2.278.3.717616.166.1580339230.481,/media/disk1/saeedeh_danaei/ncct_cect/vindr_ds/batch11/1.2.840.113619.2.278.3.717616.166.1580339230.481/1.2.840.113619.2.278.3.717616.166.1580339230.486.3,non-contrast,/media/disk1/saeedeh_danaei/ncct_cect/vindr_ds/batch11/1.2.840.113619.2.278.3.717616.166.1580339230.481/1.2.840.113619.2.278.3.717616.166.1580339230.573.4198401,arterial
1.2.840.113619.2.278.3.717616.166.1580339230.481,/media/disk1/saeedeh_danaei/ncct_cect/vindr_ds/batch11/1.2.840.113619.2.278.3.717616.166.1580339230.481/1.2.840.113619.2.278.3.717616.166.1580339230.486.3,non-contrast,/media/disk1/saeedeh_danaei/ncct_cect/vindr_ds/batch11/1.2.840.113619.2.278.3.717616.166.1580339230.481/1.2.840.113619.2.278.3.717616.166.1580339230.573.4202498,portal-venous
1.2.840.113619.2.278.3.717616.202.1592287869.821,/media/disk1/saeedeh_danaei/ncct_cect/vindr_ds/batch11/1.2.840.113619.2.278.3.717616.202.1592287869.821/1.2.840.113619.2.278.3.717616.202.1592287869.826.3,non-contrast,/media/disk1/saeedeh_danaei/ncct_cect/vindr_ds/batch11/1.2.840.113619.2.278.3.717616.202.1592287869.821/1.2.840.113619.2.278.3.717616.202.1592287869.941.4198401,arterial
1.2.840.113619.2.278.3.717616.202.1592287869.821,/media/disk1/saeedeh_danaei/ncct_cect/vindr_ds/batch11/1.2.840.113619.2.278.3.717616.202.1592287869.821/1.2.840.113619.2.278.3.717616.202.1592287869.826.3,non-contrast,/media/disk1/saeedeh_danaei/ncct_cect/vindr_ds/batch11/1.2.840.113619.2.278.3.717616.202.1592287869.821/1.2.840.113619.2.278.3.717616.202.1592287869.941.4202498,portal-venous
1.2.840.113619.2.278.3.717616.202.1592287871.359,/media/disk1/saeedeh_danaei/ncct_cect/vindr_ds/batch10/1.2.840.113619.2.278.3.717616.202.1592287871.359/1.2.840.113619.2.278.3.717616.202.1592287871.364.3,non-contrast,/media/disk1/saeedeh_danaei/ncct_cect/vindr_ds/batch10/1.2.840.113619.2.278.3.717616.202.1592287871.359/1.2.840.113619.2.278.3.717616.202.1592287871.456.4198401,arterial
1.2.840.113619.2.278.3.717616.202.1592287871.359,/media/disk1/saeedeh_danaei/ncct_cect/vindr_ds/batch10/1.2.840.113619.2.278.3.717616.202.1592287871.359/1.2.840.113619.2.278.3.717616.202.1592287871.364.3,non-contrast,/media/disk1/saeedeh_danaei/ncct_cect/vindr_ds/batch10/1.2.840.113619.2.278.3.717616.202.1592287871.359/1.2.840.113619.2.278.3.717616.202.1592287871.456.4202498,portal-venous
1.2.840.113619.2.278.3.717616.202.1592287875.688,/media/disk1/saeedeh_danaei/ncct_cect/vindr_ds/batch10/1.2.840.113619.2.278.3.717616.202.1592287875.688/1.2.840.113619.2.278.3.717616.202.1592287875.693.3,non-contrast,/media/disk1/saeedeh_danaei/ncct_cect/vindr_ds/batch10/1.2.840.113619.2.278.3.717616.202.1592287875.688/1.2.840.113619.2.278.3.717616.202.1592287875.783.4198401,arterial
1.2.840.113619.2.278.3.717616.202.1592287875.688,/media/disk1/saeedeh_danaei/ncct_cect/vindr_ds/batch10/1.2.840.113619.2.278.3.717616.202.1592287875.688/1.2.840.113619.2.278.3.717616.202.1592287875.693.3,non-contrast,/media/disk1/saeedeh_danaei/ncct_cect/vindr_ds/batch10/1.2.840.113619.2.278.3.717616.202.1592287875.688/1.2.840.113619.2.278.3.717616.202.1592287875.783.4202498,portal-venous
1.2.840.113619.2.278.3.717616.202.1592287876.601,/media/disk1/saeedeh_danaei/ncct_cect/vindr_ds/batch10/1.2.840.113619.2.278.3.717616.202.1592287876.601/1.2.840.113619.2.278.3.717616.202.1592287876.606.3,non-contrast,/media/disk1/saeedeh_danaei/ncct_cect/vindr_ds/batch10/1.2.840.113619.2.278.3.717616.202.1592287876.601/1.2.840.113619.2.278.3.717616.202.1592287876.703.4198401,arterial
1.2.840.113619.2.278.3.717616.202.1592287876.601,/media/disk1/saeedeh_danaei/ncct_cect/vindr_ds/batch10/1.2.840.113619.2.278.3.717616.202.1592287876.601/1.2.840.113619.2.278.3.717616.202.1592287876.606.3,non-contrast,/media/disk1/saeedeh_danaei/ncct_cect/vindr_ds/batch10/1.2.840.113619.2.278.3.717616.202.1592287876.601/1.2.840.113619.2.278.3.717616.202.1592287876.703.4202498,portal-venous
1.2.840.113619.2.278.3.717616.202.1592287879.955,/media/disk1/saeedeh_danaei/ncct_cect/vindr_ds/batch10/1.2.840.113619.2.278.3.717616.202.1592287879.955/1.2.840.113619.2.278.3.717616.202.1592287879.960.3,non-contrast,/media/disk1/saeedeh_danaei/ncct_cect/vindr_ds/batch10/1.2.840.113619.2.278.3.717616.202.1592287879.955/1.2.840.113619.2.278.3.717616.202.1592287880.80.4198401,arterial
1.2.840.113619.2.278.3.717616.202.1592287879.955,/media/disk1/saeedeh_danaei/ncct_cect/vindr_ds/batch10/1.2.840.113619.2.278.3.717616.202.1592287879.955/1.2.840.113619.2.278.3.717616.202.1592287879.960.3,non-contrast,/media/disk1/saeedeh_danaei/ncct_cect/vindr_ds/batch10/1.2.840.113619.2.278.3.717616.202.1592287879.955/1.2.840.113619.2.278.3.717616.202.1592287880.80.4202498,portal-venous
1.2.840.113619.2.278.3.717616.202.1592287881.707,/media/disk1/saeedeh_danaei/ncct_cect/vindr_ds/batch10/1.2.840.113619.2.278.3.717616.202.1592287881.707/1.2.840.113619.2.278.3.717616.202.1592287881.712.3,non-contrast,/media/disk1/saeedeh_danaei/ncct_cect/vindr_ds/batch10/1.2.840.113619.2.278.3.717616.202.1592287881.707/1.2.840.113619.2.278.3.717616.202.1592287881.832.4198401,arterial
1.2.840.113619.2.278.3.717616.202.1592287881.707,/media/disk1/saeedeh_danaei/ncct_cect/vindr_ds/batch10/1.2.840.113619.2.278.3.717616.202.1592287881.707/1.2.840.113619.2.278.3.717616.202.1592287881.712.3,non-contrast,/media/disk1/saeedeh_danaei/ncct_cect/vindr_ds/batch10/1.2.840.113619.2.278.3.717616.202.1592287881.707/1.2.840.113619.2.278.3.717616.202.1592287881.832.4202498,portal-venous
1.2.840.113619.2.278.3.717616.204.1584947859.517,/media/disk1/saeedeh_danaei/ncct_cect/vindr_ds/batch10/1.2.840.113619.2.278.3.717616.204.1584947859.517/1.2.840.113619.2.278.3.717616.204.1584947859.522.3,non-contrast,/media/disk1/saeedeh_danaei/ncct_cect/vindr_ds/batch10/1.2.840.113619.2.278.3.717616.204.1584947859.517/1.2.840.113619.2.278.3.717616.204.1584947859.604.4198401,arterial
1.2.840.113619.2.278.3.717616.204.1584947859.517,/media/disk1/saeedeh_danaei/ncct_cect/vindr_ds/batch10/1.2.840.113619.2.278.3.717616.204.1584947859.517/1.2.840.113619.2.278.3.717616.204.1584947859.522.3,non-contrast,/media/disk1/saeedeh_danaei/ncct_cect/vindr_ds/batch10/1.2.840.113619.2.278.3.717616.204.1584947859.517/1.2.840.113619.2.278.3.717616.204.1584947859.604.4202498,portal-venous
1.2.840.113619.2.278.3.717616.204.1584947875.688,/media/disk1/saeedeh_danaei/ncct_cect/vindr_ds/batch10/1.2.840.113619.2.278.3.717616.204.1584947875.688/1.2.840.113619.2.278.3.717616.204.1584947875.693.3,non-contrast,/media/disk1/saeedeh_danaei/ncct_cect/vindr_ds/batch10/1.2.840.113619.2.278.3.717616.204.1584947875.688/1.2.840.113619.2.278.3.717616.204.1584947875.778.4198401,arterial
1.2.840.113619.2.278.3.717616.204.1584947875.688,/media/disk1/saeedeh_danaei/ncct_cect/vindr_ds/batch10/1.2.840.113619.2.278.3.717616.204.1584947875.688/1.2.840.113619.2.278.3.717616.204.1584947875.693.3,non-contrast,/media/disk1/saeedeh_danaei/ncct_cect/vindr_ds/batch10/1.2.840.113619.2.278.3.717616.204.1584947875.688/1.2.840.113619.2.278.3.717616.204.1584947875.778.4202498,portal-venous
1.2.840.113619.2.278.3.717616.204.1584947878.721,/media/disk1/saeedeh_danaei/ncct_cect/vindr_ds/batch10/1.2.840.113619.2.278.3.717616.204.1584947878.721/1.2.840.113619.2.278.3.717616.204.1584947878.727.3,non-contrast,/media/disk1/saeedeh_danaei/ncct_cect/vindr_ds/batch10/1.2.840.113619.2.278.3.717616.204.1584947878.721/1.2.840.113619.2.278.3.717616.204.1584947878.807.4198401,arterial
1.2.840.113619.2.278.3.717616.204.1584947878.721,/media/disk1/saeedeh_danaei/ncct_cect/vindr_ds/batch10/1.2.840.113619.2.278.3.717616.204.1584947878.721/1.2.840.113619.2.278.3.717616.204.1584947878.727.3,non-contrast,/media/disk1/saeedeh_danaei/ncct_cect/vindr_ds/batch10/1.2.840.113619.2.278.3.717616.204.1584947878.721/1.2.840.113619.2.278.3.717616.204.1584947878.807.4202498,portal-venous
1.2.840.113619.2.278.3.717616.204.1584947881.751,/media/disk1/saeedeh_danaei/ncct_cect/vindr_ds/batch10/1.2.840.113619.2.278.3.717616.204.1584947881.751/1.2.840.113619.2.278.3.717616.204.1584947881.756.3,non-contrast,/media/disk1/saeedeh_danaei/ncct_cect/vindr_ds/batch10/1.2.840.113619.2.278.3.717616.204.1584947881.751/1.2.840.113619.2.278.3.717616.204.1584947881.906.4198401,arterial
1.2.840.113619.2.278.3.717616.204.1584947881.751,/media/disk1/saeedeh_danaei/ncct_cect/vindr_ds/batch10/1.2.840.113619.2.278.3.717616.204.1584947881.751/1.2.840.113619.2.278.3.717616.204.1584947881.756.3,non-contrast,/media/disk1/saeedeh_danaei/ncct_cect/vindr_ds/batch10/1.2.840.113619.2.278.3.717616.204.1584947881.751/1.2.840.113619.2.278.3.717616.204.1584947881.906.4202498,portal-venous
1.2.840.113619.2.278.3.717616.204.1584947883.344,/media/disk1/saeedeh_danaei/ncct_cect/vindr_ds/batch10/1.2.840.113619.2.278.3.717616.204.1584947883.344/1.2.840.113619.2.278.3.717616.204.1584947883.349.3,non-contrast,/media/disk1/saeedeh_danaei/ncct_cect/vindr_ds/batch10/1.2.840.113619.2.278.3.717616.204.1584947883.344/1.2.840.113619.2.278.3.717616.204.1584947883.439.4198401,arterial
1.2.840.113619.2.278.3.717616.204.1584947883.344,/media/disk1/saeedeh_danaei/ncct_cect/vindr_ds/batch10/1.2.840.113619.2.278.3.717616.204.1584947883.344/1.2.840.113619.2.278.3.717616.204.1584947883.349.3,non-contrast,/media/disk1/saeedeh_danaei/ncct_cect/vindr_ds/batch10/1.2.840.113619.2.278.3.717616.204.1584947883.344/1.2.840.113619.2.278.3.717616.204.1584947883.439.4202498,portal-venous
1.2.840.113619.2.278.3.717616.204.1584947888.428,/media/disk1/saeedeh_danaei/ncct_cect/vindr_ds/batch10/1.2.840.113619.2.278.3.717616.204.1584947888.428/1.2.840.113619.2.278.3.717616.204.1584947888.433.3,non-contrast,/media/disk1/saeedeh_danaei/ncct_cect/vindr_ds/batch10/1.2.840.113619.2.278.3.717616.204.1584947888.428/1.2.840.113619.2.278.3.717616.204.1584947888.518.4198401,arterial
1.2.840.113619.2.278.3.717616.204.1584947888.428,/media/disk1/saeedeh_danaei/ncct_cect/vindr_ds/batch10/1.2.840.113619.2.278.3.717616.204.1584947888.428/1.2.840.113619.2.278.3.717616.204.1584947888.433.3,non-contrast,/media/disk1/saeedeh_danaei/ncct_cect/vindr_ds/batch10/1.2.840.113619.2.278.3.717616.204.1584947888.428/1.2.840.113619.2.278.3.717616.204.1584947888.518.4202498,portal-venous
1.2.840.113619.2.278.3.717616.204.1584947890.185,/media/disk1/saeedeh_danaei/ncct_cect/vindr_ds/batch10/1.2.840.113619.2.278.3.717616.204.1584947890.185/1.2.840.113619.2.278.3.717616.204.1584947890.190.3,non-contrast,/media/disk1/saeedeh_danaei/ncct_cect/vindr_ds/batch10/1.2.840.113619.2.278.3.717616.204.1584947890.185/1.2.840.113619.2.278.3.717616.204.1584947890.283.4198401,arterial
1.2.840.113619.2.278.3.717616.204.1584947890.185,/media/disk1/saeedeh_danaei/ncct_cect/vindr_ds/batch10/1.2.840.113619.2.278.3.717616.204.1584947890.185/1.2.840.113619.2.278.3.717616.204.1584947890.190.3,non-contrast,/media/disk1/saeedeh_danaei/ncct_cect/vindr_ds/batch10/1.2.840.113619.2.278.3.717616.204.1584947890.185/1.2.840.113619.2.278.3.717616.204.1584947890.283.4202498,portal-venous
1.2.840.113619.2.278.3.717616.215.1582589428.278,/media/disk1/saeedeh_danaei/ncct_cect/vindr_ds/batch10/1.2.840.113619.2.278.3.717616.215.1582589428.278/1.2.840.113619.2.278.3.717616.215.1582589428.283.3,non-contrast,/media/disk1/saeedeh_danaei/ncct_cect/vindr_ds/batch10/1.2.840.113619.2.278.3.717616.215.1582589428.278/1.2.840.113619.2.278.3.717616.215.1582589428.376.4198401,arterial
1.2.840.113619.2.278.3.717616.215.1582589428.278,/media/disk1/saeedeh_danaei/ncct_cect/vindr_ds/batch10/1.2.840.113619.2.278.3.717616.215.1582589428.278/1.2.840.113619.2.278.3.717616.215.1582589428.283.3,non-contrast,/media/disk1/saeedeh_danaei/ncct_cect/vindr_ds/batch10/1.2.840.113619.2.278.3.717616.215.1582589428.278/1.2.840.113619.2.278.3.717616.215.1582589428.376.4202498,portal-venous
1.2.840.113619.2.278.3.717616.228.1585527915.93,/media/disk1/saeedeh_danaei/ncct_cect/vindr_ds/batch10/1.2.840.113619.2.278.3.717616.228.1585527915.93/1.2.840.113619.2.278.3.717616.228.1585527915.98.3,non-contrast,/media/disk1/saeedeh_danaei/ncct_cect/vindr_ds/batch10/1.2.840.113619.2.278.3.717616.228.1585527915.93/1.2.840.113619.2.278.3.717616.228.1585527915.207.4198401,arterial
1.2.840.113619.2.278.3.717616.228.1585527915.93,/media/disk1/saeedeh_danaei/ncct_cect/vindr_ds/batch10/1.2.840.113619.2.278.3.717616.228.1585527915.93/1.2.840.113619.2.278.3.717616.228.1585527915.98.3,non-contrast,/media/disk1/saeedeh_danaei/ncct_cect/vindr_ds/batch10/1.2.840.113619.2.278.3.717616.228.1585527915.93/1.2.840.113619.2.278.3.717616.228.1585527915.207.4202498,portal-venous
1.2.840.113619.2.278.3.717616.228.1585527919.20,/media/disk1/saeedeh_danaei/ncct_cect/vindr_ds/batch10/1.2.840.113619.2.278.3.717616.228.1585527919.20/1.2.840.113619.2.278.3.717616.228.1585527919.25.3,non-contrast,/media/disk1/saeedeh_danaei/ncct_cect/vindr_ds/batch10/1.2.840.113619.2.278.3.717616.228.1585527919.20/1.2.840.113619.2.278.3.717616.228.1585527919.119.4198401,arterial
1.2.840.113619.2.278.3.717616.228.1585527919.20,/media/disk1/saeedeh_danaei/ncct_cect/vindr_ds/batch10/1.2.840.113619.2.278.3.717616.228.1585527919.20/1.2.840.113619.2.278.3.717616.228.1585527919.25.3,non-contrast,/media/disk1/saeedeh_danaei/ncct_cect/vindr_ds/batch10/1.2.840.113619.2.278.3.717616.228.1585527919.20/1.2.840.113619.2.278.3.717616.228.1585527919.119.4202498,portal-venous
1.2.840.113619.2.278.3.717616.228.1585527923.702,/media/disk1/saeedeh_danaei/ncct_cect/vindr_ds/batch10/1.2.840.113619.2.278.3.717616.228.1585527923.702/1.2.840.113619.2.278.3.717616.228.1585527923.707.3,non-contrast,/media/disk1/saeedeh_danaei/ncct_cect/vindr_ds/batch10/1.2.840.113619.2.278.3.717616.228.1585527923.702/1.2.840.113619.2.278.3.717616.228.1585527923.809.4198401,arterial
1.2.840.113619.2.278.3.717616.228.1585527923.702,/media/disk1/saeedeh_danaei/ncct_cect/vindr_ds/batch10/1.2.840.113619.2.278.3.717616.228.1585527923.702/1.2.840.113619.2.278.3.717616.228.1585527923.707.3,non-contrast,/media/disk1/saeedeh_danaei/ncct_cect/vindr_ds/batch10/1.2.840.113619.2.278.3.717616.228.1585527923.702/1.2.840.113619.2.278.3.717616.228.1585527923.809.4202498,portal-venous
1.2.840.113619.2.278.3.717616.228.1585527924.199,/media/disk1/saeedeh_danaei/ncct_cect/vindr_ds/batch10/1.2.840.113619.2.278.3.717616.228.1585527924.199/1.2.840.113619.2.278.3.717616.228.1585527924.204.3,non-contrast,/media/disk1/saeedeh_danaei/ncct_cect/vindr_ds/batch10/1.2.840.113619.2.278.3.717616.228.1585527924.199/1.2.840.113619.2.278.3.717616.228.1585527924.293.4198401,arterial
1.2.840.113619.2.278.3.717616.228.1585527924.199,/media/disk1/saeedeh_danaei/ncct_cect/vindr_ds/batch10/1.2.840.113619.2.278.3.717616.228.1585527924.199/1.2.840.113619.2.278.3.717616.228.1585527924.204.3,non-contrast,/media/disk1/saeedeh_danaei/ncct_cect/vindr_ds/batch10/1.2.840.113619.2.278.3.717616.228.1585527924.199/1.2.840.113619.2.278.3.717616.228.1585527924.293.4202498,portal-venous
1.2.840.113619.2.278.3.717616.239.1576237085.40,/media/disk1/saeedeh_danaei/ncct_cect/vindr_ds/batch10/1.2.840.113619.2.278.3.717616.239.1576237085.40/1.2.840.113619.2.278.3.717616.239.1576237085.45.3,non-contrast,/media/disk1/saeedeh_danaei/ncct_cect/vindr_ds/batch10/1.2.840.113619.2.278.3.717616.239.1576237085.40/1.2.840.113619.2.278.3.717616.239.1576237085.135.4198401,arterial
1.2.840.113619.2.278.3.717616.239.1576237085.40,/media/disk1/saeedeh_danaei/ncct_cect/vindr_ds/batch10/1.2.840.113619.2.278.3.717616.239.1576237085.40/1.2.840.113619.2.278.3.717616.239.1576237085.45.3,non-contrast,/media/disk1/saeedeh_danaei/ncct_cect/vindr_ds/batch10/1.2.840.113619.2.278.3.717616.239.1576237085.40/1.2.840.113619.2.278.3.717616.239.1576237085.135.4202498,portal-venous
1.2.840.113619.2.278.3.717616.239.1576237164.135,/media/disk1/saeedeh_danaei/ncct_cect/vindr_ds/batch10/1.2.840.113619.2.278.3.717616.239.1576237164.135/1.2.840.113619.2.278.3.717616.239.1576237164.140.3,non-contrast,/media/disk1/saeedeh_danaei/ncct_cect/vindr_ds/batch10/1.2.840.113619.2.278.3.717616.239.1576237164.135/1.2.840.113619.2.278.3.717616.239.1576237164.263.4198401,arterial
1.2.840.113619.2.278.3.717616.239.1576237164.135,/media/disk1/saeedeh_danaei/ncct_cect/vindr_ds/batch10/1.2.840.113619.2.278.3.717616.239.1576237164.135/1.2.840.113619.2.278.3.717616.239.1576237164.140.3,non-contrast,/media/disk1/saeedeh_danaei/ncct_cect/vindr_ds/batch10/1.2.840.113619.2.278.3.717616.239.1576237164.135/1.2.840.113619.2.278.3.717616.239.1576237164.263.4202498,portal-venous
1.2.840.113619.2.278.3.717616.239.1576237169.526,/media/disk1/saeedeh_danaei/ncct_cect/vindr_ds/batch10/1.2.840.113619.2.278.3.717616.239.1576237169.526/1.2.840.113619.2.278.3.717616.239.1576237169.531.3,non-contrast,/media/disk1/saeedeh_danaei/ncct_cect/vindr_ds/batch10/1.2.840.113619.2.278.3.717616.239.1576237169.526/1.2.840.113619.2.278.3.717616.239.1576237169.637.4198401,arterial
1.2.840.113619.2.278.3.717616.239.1576237169.526,/media/disk1/saeedeh_danaei/ncct_cect/vindr_ds/batch10/1.2.840.113619.2.278.3.717616.239.1576237169.526/1.2.840.113619.2.278.3.717616.239.1576237169.531.3,non-contrast,/media/disk1/saeedeh_danaei/ncct_cect/vindr_ds/batch10/1.2.840.113619.2.278.3.717616.239.1576237169.526/1.2.840.113619.2.278.3.717616.239.1576237169.637.4202498,portal-venous
1.2.840.113619.2.278.3.717616.239.1576237177.531,/media/disk1/saeedeh_danaei/ncct_cect/vindr_ds/batch10/1.2.840.113619.2.278.3.717616.239.1576237177.531/1.2.840.113619.2.278.3.717616.239.1576237177.536.3,non-contrast,/media/disk1/saeedeh_danaei/ncct_cect/vindr_ds/batch10/1.2.840.113619.2.278.3.717616.239.1576237177.531/1.2.840.113619.2.278.3.717616.239.1576237177.616.4198401,arterial
1.2.840.113619.2.278.3.717616.239.1576237177.531,/media/disk1/saeedeh_danaei/ncct_cect/vindr_ds/batch10/1.2.840.113619.2.278.3.717616.239.1576237177.531/1.2.840.113619.2.278.3.717616.239.1576237177.536.3,non-contrast,/media/disk1/saeedeh_danaei/ncct_cect/vindr_ds/batch10/1.2.840.113619.2.278.3.717616.239.1576237177.531/1.2.840.113619.2.278.3.717616.239.1576237177.616.4202498,portal-venous
1.2.840.113619.2.278.3.717616.239.1576237179.120,/media/disk1/saeedeh_danaei/ncct_cect/vindr_ds/batch10/1.2.840.113619.2.278.3.717616.239.1576237179.120/1.2.840.113619.2.278.3.717616.239.1576237179.125.3,non-contrast,/media/disk1/saeedeh_danaei/ncct_cect/vindr_ds/batch10/1.2.840.113619.2.278.3.717616.239.1576237179.120/1.2.840.113619.2.278.3.717616.239.1576237179.227.4198401,arterial
1.2.840.113619.2.278.3.717616.239.1576237179.120,/media/disk1/saeedeh_danaei/ncct_cect/vindr_ds/batch10/1.2.840.113619.2.278.3.717616.239.1576237179.120/1.2.840.113619.2.278.3.717616.239.1576237179.125.3,non-contrast,/media/disk1/saeedeh_danaei/ncct_cect/vindr_ds/batch10/1.2.840.113619.2.278.3.717616.239.1576237179.120/1.2.840.113619.2.278.3.717616.239.1576237179.227.4202498,portal-venous
1.2.840.113619.2.278.3.717616.249.1585713639.107,/media/disk1/saeedeh_danaei/ncct_cect/vindr_ds/batch10/1.2.840.113619.2.278.3.717616.249.1585713639.107/1.2.840.113619.2.278.3.717616.249.1585713639.112.3,non-contrast,/media/disk1/saeedeh_danaei/ncct_cect/vindr_ds/batch10/1.2.840.113619.2.278.3.717616.249.1585713639.107/1.2.840.113619.2.278.3.717616.249.1585713639.236.4198401,arterial
1.2.840.113619.2.278.3.717616.249.1585713639.107,/media/disk1/saeedeh_danaei/ncct_cect/vindr_ds/batch10/1.2.840.113619.2.278.3.717616.249.1585713639.107/1.2.840.113619.2.278.3.717616.249.1585713639.112.3,non-contrast,/media/disk1/saeedeh_danaei/ncct_cect/vindr_ds/batch10/1.2.840.113619.2.278.3.717616.249.1585713639.107/1.2.840.113619.2.278.3.717616.249.1585713639.236.4202498,portal-venous
1.2.840.113619.2.278.3.717616.249.1585713641.286,/media/disk1/saeedeh_danaei/ncct_cect/vindr_ds/batch10/1.2.840.113619.2.278.3.717616.249.1585713641.286/1.2.840.113619.2.278.3.717616.249.1585713641.291.3,non-contrast,/media/disk1/saeedeh_danaei/ncct_cect/vindr_ds/batch10/1.2.840.113619.2.278.3.717616.249.1585713641.286/1.2.840.113619.2.278.3.717616.249.1585713641.391.4198401,arterial
1.2.840.113619.2.278.3.717616.249.1585713641.286,/media/disk1/saeedeh_danaei/ncct_cect/vindr_ds/batch10/1.2.840.113619.2.278.3.717616.249.1585713641.286/1.2.840.113619.2.278.3.717616.249.1585713641.291.3,non-contrast,/media/disk1/saeedeh_danaei/ncct_cect/vindr_ds/batch10/1.2.840.113619.2.278.3.717616.249.1585713641.286/1.2.840.113619.2.278.3.717616.249.1585713641.391.4202498,portal-venous
1.2.840.113619.2.278.3.717616.249.1585713643.237,/media/disk1/saeedeh_danaei/ncct_cect/vindr_ds/batch9/1.2.840.113619.2.278.3.717616.249.1585713643.237/1.2.840.113619.2.278.3.717616.249.1585713643.242.3,non-contrast,/media/disk1/saeedeh_danaei/ncct_cect/vindr_ds/batch9/1.2.840.113619.2.278.3.717616.249.1585713643.237/1.2.840.113619.2.278.3.717616.249.1585713643.322.4198401,arterial
1.2.840.113619.2.278.3.717616.249.1585713643.237,/media/disk1/saeedeh_danaei/ncct_cect/vindr_ds/batch9/1.2.840.113619.2.278.3.717616.249.1585713643.237/1.2.840.113619.2.278.3.717616.249.1585713643.242.3,non-contrast,/media/disk1/saeedeh_danaei/ncct_cect/vindr_ds/batch9/1.2.840.113619.2.278.3.717616.249.1585713643.237/1.2.840.113619.2.278.3.717616.249.1585713643.322.4202498,portal-venous
1.2.840.113619.2.278.3.717616.249.1585713649.466,/media/disk1/saeedeh_danaei/ncct_cect/vindr_ds/batch9/1.2.840.113619.2.278.3.717616.249.1585713649.466/1.2.840.113619.2.278.3.717616.249.1585713649.471.3,non-contrast,/media/disk1/saeedeh_danaei/ncct_cect/vindr_ds/batch9/1.2.840.113619.2.278.3.717616.249.1585713649.466/1.2.840.113619.2.278.3.717616.249.1585713649.559.4198401,arterial
1.2.840.113619.2.278.3.717616.249.1585713649.466,/media/disk1/saeedeh_danaei/ncct_cect/vindr_ds/batch9/1.2.840.113619.2.278.3.717616.249.1585713649.466/1.2.840.113619.2.278.3.717616.249.1585713649.471.3,non-contrast,/media/disk1/saeedeh_danaei/ncct_cect/vindr_ds/batch9/1.2.840.113619.2.278.3.717616.249.1585713649.466/1.2.840.113619.2.278.3.717616.249.1585713649.559.4202498,portal-venous
1.2.840.113619.2.278.3.717616.249.1585713650.578,/media/disk1/saeedeh_danaei/ncct_cect/vindr_ds/batch9/1.2.840.113619.2.278.3.717616.249.1585713650.578/1.2.840.113619.2.278.3.717616.249.1585713650.583.3,non-contrast,/media/disk1/saeedeh_danaei/ncct_cect/vindr_ds/batch9/1.2.840.113619.2.278.3.717616.249.1585713650.578/1.2.840.113619.2.278.3.717616.249.1585713650.679.4198401,arterial
1.2.840.113619.2.278.3.717616.249.1585713650.578,/media/disk1/saeedeh_danaei/ncct_cect/vindr_ds/batch9/1.2.840.113619.2.278.3.717616.249.1585713650.578/1.2.840.113619.2.278.3.717616.249.1585713650.583.3,non-contrast,/media/disk1/saeedeh_danaei/ncct_cect/vindr_ds/batch9/1.2.840.113619.2.278.3.717616.249.1585713650.578/1.2.840.113619.2.278.3.717616.249.1585713650.679.4202498,portal-venous
1.2.840.113619.2.278.3.717616.249.1585713656.349,/media/disk1/saeedeh_danaei/ncct_cect/vindr_ds/batch9/1.2.840.113619.2.278.3.717616.249.1585713656.349/1.2.840.113619.2.278.3.717616.249.1585713656.354.3,non-contrast,/media/disk1/saeedeh_danaei/ncct_cect/vindr_ds/batch9/1.2.840.113619.2.278.3.717616.249.1585713656.349/1.2.840.113619.2.278.3.717616.249.1585713656.491.4198401,arterial
1.2.840.113619.2.278.3.717616.249.1585713656.349,/media/disk1/saeedeh_danaei/ncct_cect/vindr_ds/batch9/1.2.840.113619.2.278.3.717616.249.1585713656.349/1.2.840.113619.2.278.3.717616.249.1585713656.354.3,non-contrast,/media/disk1/saeedeh_danaei/ncct_cect/vindr_ds/batch9/1.2.840.113619.2.278.3.717616.249.1585713656.349/1.2.840.113619.2.278.3.717616.249.1585713656.491.4202498,portal-venous
1.2.840.113619.2.278.3.717616.249.1585713660.403,/media/disk1/saeedeh_danaei/ncct_cect/vindr_ds/batch9/1.2.840.113619.2.278.3.717616.249.1585713660.403/1.2.840.113619.2.278.3.717616.249.1585713660.408.3,non-contrast,/media/disk1/saeedeh_danaei/ncct_cect/vindr_ds/batch9/1.2.840.113619.2.278.3.717616.249.1585713660.403/1.2.840.113619.2.278.3.717616.249.1585713660.494.4198401,arterial
1.2.840.113619.2.278.3.717616.249.1585713660.403,/media/disk1/saeedeh_danaei/ncct_cect/vindr_ds/batch9/1.2.840.113619.2.278.3.717616.249.1585713660.403/1.2.840.113619.2.278.3.717616.249.1585713660.408.3,non-contrast,/media/disk1/saeedeh_danaei/ncct_cect/vindr_ds/batch9/1.2.840.113619.2.278.3.717616.249.1585713660.403/1.2.840.113619.2.278.3.717616.249.1585713660.494.4202498,portal-venous
1.2.840.113619.2.278.3.717616.249.1585713663.100,/media/disk1/saeedeh_danaei/ncct_cect/vindr_ds/batch9/1.2.840.113619.2.278.3.717616.249.1585713663.100/1.2.840.113619.2.278.3.717616.249.1585713663.105.3,non-contrast,/media/disk1/saeedeh_danaei/ncct_cect/vindr_ds/batch9/1.2.840.113619.2.278.3.717616.249.1585713663.100/1.2.840.113619.2.278.3.717616.249.1585713663.204.4198401,arterial
1.2.840.113619.2.278.3.717616.249.1585713663.100,/media/disk1/saeedeh_danaei/ncct_cect/vindr_ds/batch9/1.2.840.113619.2.278.3.717616.249.1585713663.100/1.2.840.113619.2.278.3.717616.249.1585713663.105.3,non-contrast,/media/disk1/saeedeh_danaei/ncct_cect/vindr_ds/batch9/1.2.840.113619.2.278.3.717616.249.1585713663.100/1.2.840.113619.2.278.3.717616.249.1585713663.204.4202498,portal-venous
1.2.840.113619.2.278.3.717616.249.1585713672.454,/media/disk1/saeedeh_danaei/ncct_cect/vindr_ds/batch9/1.2.840.113619.2.278.3.717616.249.1585713672.454/1.2.840.113619.2.278.3.717616.249.1585713672.459.3,non-contrast,/media/disk1/saeedeh_danaei/ncct_cect/vindr_ds/batch9/1.2.840.113619.2.278.3.717616.249.1585713672.454/1.2.840.113619.2.278.3.717616.249.1585713672.558.4198401,arterial
1.2.840.113619.2.278.3.717616.249.1585713672.454,/media/disk1/saeedeh_danaei/ncct_cect/vindr_ds/batch9/1.2.840.113619.2.278.3.717616.249.1585713672.454/1.2.840.113619.2.278.3.717616.249.1585713672.459.3,non-contrast,/media/disk1/saeedeh_danaei/ncct_cect/vindr_ds/batch9/1.2.840.113619.2.278.3.717616.249.1585713672.454/1.2.840.113619.2.278.3.717616.249.1585713672.558.4202498,portal-venous
1.2.840.113619.2.278.3.717616.259.1592554882.977,/media/disk1/saeedeh_danaei/ncct_cect/vindr_ds/batch9/1.2.840.113619.2.278.3.717616.259.1592554882.977/1.2.840.113619.2.278.3.717616.259.1592554882.982.3,non-contrast,/media/disk1/saeedeh_danaei/ncct_cect/vindr_ds/batch9/1.2.840.113619.2.278.3.717616.259.1592554882.977/1.2.840.113619.2.278.3.717616.259.1592554883.230.11,arterial
1.2.840.113619.2.278.3.717616.259.1592554882.977,/media/disk1/saeedeh_danaei/ncct_cect/vindr_ds/batch9/1.2.840.113619.2.278.3.717616.259.1592554882.977/1.2.840.113619.2.278.3.717616.259.1592554882.982.3,non-contrast,/media/disk1/saeedeh_danaei/ncct_cect/vindr_ds/batch9/1.2.840.113619.2.278.3.717616.259.1592554882.977/1.2.840.113619.2.278.3.717616.259.1592554883.67.4202498,portal-venous
1.2.840.113619.2.278.3.717616.259.1592554893.267,/media/disk1/saeedeh_danaei/ncct_cect/vindr_ds/batch9/1.2.840.113619.2.278.3.717616.259.1592554893.267/1.2.840.113619.2.278.3.717616.259.1592554893.272.3,non-contrast,/media/disk1/saeedeh_danaei/ncct_cect/vindr_ds/batch9/1.2.840.113619.2.278.3.717616.259.1592554893.267/1.2.840.113619.2.278.3.717616.259.1592554893.374.4198401,arterial
1.2.840.113619.2.278.3.717616.259.1592554893.267,/media/disk1/saeedeh_danaei/ncct_cect/vindr_ds/batch9/1.2.840.113619.2.278.3.717616.259.1592554893.267/1.2.840.113619.2.278.3.717616.259.1592554893.272.3,non-contrast,/media/disk1/saeedeh_danaei/ncct_cect/vindr_ds/batch9/1.2.840.113619.2.278.3.717616.259.1592554893.267/1.2.840.113619.2.278.3.717616.259.1592554893.374.4202498,portal-venous
1.2.840.113619.2.278.3.717616.259.1592554897.97,/media/disk1/saeedeh_danaei/ncct_cect/vindr_ds/batch9/1.2.840.113619.2.278.3.717616.259.1592554897.97/1.2.840.113619.2.278.3.717616.259.1592554897.102.3,non-contrast,/media/disk1/saeedeh_danaei/ncct_cect/vindr_ds/batch9/1.2.840.113619.2.278.3.717616.259.1592554897.97/1.2.840.113619.2.278.3.717616.259.1592554897.196.4198401,arterial
1.2.840.113619.2.278.3.717616.259.1592554897.97,/media/disk1/saeedeh_danaei/ncct_cect/vindr_ds/batch9/1.2.840.113619.2.278.3.717616.259.1592554897.97/1.2.840.113619.2.278.3.717616.259.1592554897.102.3,non-contrast,/media/disk1/saeedeh_danaei/ncct_cect/vindr_ds/batch9/1.2.840.113619.2.278.3.717616.259.1592554897.97/1.2.840.113619.2.278.3.717616.259.1592554897.196.4202498,portal-venous
1.2.840.113619.2.278.3.717616.259.1592554905.422,/media/disk1/saeedeh_danaei/ncct_cect/vindr_ds/batch9/1.2.840.113619.2.278.3.717616.259.1592554905.422/1.2.840.113619.2.278.3.717616.259.1592554905.427.3,non-contrast,/media/disk1/saeedeh_danaei/ncct_cect/vindr_ds/batch9/1.2.840.113619.2.278.3.717616.259.1592554905.422/1.2.840.113619.2.278.3.717616.259.1592554905.521.4198401,arterial
1.2.840.113619.2.278.3.717616.259.1592554905.422,/media/disk1/saeedeh_danaei/ncct_cect/vindr_ds/batch9/1.2.840.113619.2.278.3.717616.259.1592554905.422/1.2.840.113619.2.278.3.717616.259.1592554905.427.3,non-contrast,/media/disk1/saeedeh_danaei/ncct_cect/vindr_ds/batch9/1.2.840.113619.2.278.3.717616.259.1592554905.422/1.2.840.113619.2.278.3.717616.259.1592554905.521.4202498,portal-venous
1.2.840.113619.2.278.3.717616.259.1592554905.716,/media/disk1/saeedeh_danaei/ncct_cect/vindr_ds/batch9/1.2.840.113619.2.278.3.717616.259.1592554905.716/1.2.840.113619.2.278.3.717616.259.1592554905.721.3,non-contrast,/media/disk1/saeedeh_danaei/ncct_cect/vindr_ds/batch9/1.2.840.113619.2.278.3.717616.259.1592554905.716/1.2.840.113619.2.278.3.717616.259.1592554905.835.4198401,arterial
1.2.840.113619.2.278.3.717616.259.1592554905.716,/media/disk1/saeedeh_danaei/ncct_cect/vindr_ds/batch9/1.2.840.113619.2.278.3.717616.259.1592554905.716/1.2.840.113619.2.278.3.717616.259.1592554905.721.3,non-contrast,/media/disk1/saeedeh_danaei/ncct_cect/vindr_ds/batch9/1.2.840.113619.2.278.3.717616.259.1592554905.716/1.2.840.113619.2.278.3.717616.259.1592554905.835.4202498,portal-venous
1.2.840.113619.2.278.3.717616.259.1592554911.88,/media/disk1/saeedeh_danaei/ncct_cect/vindr_ds/batch9/1.2.840.113619.2.278.3.717616.259.1592554911.88/1.2.840.113619.2.278.3.717616.259.1592554911.93.3,non-contrast,/media/disk1/saeedeh_danaei/ncct_cect/vindr_ds/batch9/1.2.840.113619.2.278.3.717616.259.1592554911.88/1.2.840.113619.2.278.3.717616.259.1592554911.194.4198401,arterial
1.2.840.113619.2.278.3.717616.259.1592554911.88,/media/disk1/saeedeh_danaei/ncct_cect/vindr_ds/batch9/1.2.840.113619.2.278.3.717616.259.1592554911.88/1.2.840.113619.2.278.3.717616.259.1592554911.93.3,non-contrast,/media/disk1/saeedeh_danaei/ncct_cect/vindr_ds/batch9/1.2.840.113619.2.278.3.717616.259.1592554911.88/1.2.840.113619.2.278.3.717616.259.1592554911.194.4202498,portal-venous
1.2.840.113619.2.278.3.717616.259.1592554916.256,/media/disk1/saeedeh_danaei/ncct_cect/vindr_ds/batch9/1.2.840.113619.2.278.3.717616.259.1592554916.256/1.2.840.113619.2.278.3.717616.259.1592554916.261.3,non-contrast,/media/disk1/saeedeh_danaei/ncct_cect/vindr_ds/batch9/1.2.840.113619.2.278.3.717616.259.1592554916.256/1.2.840.113619.2.278.3.717616.259.1592554916.367.4198401,arterial
1.2.840.113619.2.278.3.717616.259.1592554916.256,/media/disk1/saeedeh_danaei/ncct_cect/vindr_ds/batch9/1.2.840.113619.2.278.3.717616.259.1592554916.256/1.2.840.113619.2.278.3.717616.259.1592554916.261.3,non-contrast,/media/disk1/saeedeh_danaei/ncct_cect/vindr_ds/batch9/1.2.840.113619.2.278.3.717616.259.1592554916.256/1.2.840.113619.2.278.3.717616.259.1592554916.367.4202498,portal-venous
1.2.840.113619.2.278.3.717616.259.1592554917.92,/media/disk1/saeedeh_danaei/ncct_cect/vindr_ds/batch9/1.2.840.113619.2.278.3.717616.259.1592554917.92/1.2.840.113619.2.278.3.717616.259.1592554917.97.3,non-contrast,/media/disk1/saeedeh_danaei/ncct_cect/vindr_ds/batch9/1.2.840.113619.2.278.3.717616.259.1592554917.92/1.2.840.113619.2.278.3.717616.259.1592554917.186.4198401,arterial
1.2.840.113619.2.278.3.717616.259.1592554917.92,/media/disk1/saeedeh_danaei/ncct_cect/vindr_ds/batch9/1.2.840.113619.2.278.3.717616.259.1592554917.92/1.2.840.113619.2.278.3.717616.259.1592554917.97.3,non-contrast,/media/disk1/saeedeh_danaei/ncct_cect/vindr_ds/batch9/1.2.840.113619.2.278.3.717616.259.1592554917.92/1.2.840.113619.2.278.3.717616.259.1592554917.186.4202498,portal-venous
1.2.840.113619.2.278.3.717616.259.1592554922.726,/media/disk1/saeedeh_danaei/ncct_cect/vindr_ds/batch9/1.2.840.113619.2.278.3.717616.259.1592554922.726/1.2.840.113619.2.278.3.717616.259.1592554922.731.3,non-contrast,/media/disk1/saeedeh_danaei/ncct_cect/vindr_ds/batch9/1.2.840.113619.2.278.3.717616.259.1592554922.726/1.2.840.113619.2.278.3.717616.259.1592554922.850.4198401,arterial
1.2.840.113619.2.278.3.717616.259.1592554922.726,/media/disk1/saeedeh_danaei/ncct_cect/vindr_ds/batch9/1.2.840.113619.2.278.3.717616.259.1592554922.726/1.2.840.113619.2.278.3.717616.259.1592554922.731.3,non-contrast,/media/disk1/saeedeh_danaei/ncct_cect/vindr_ds/batch9/1.2.840.113619.2.278.3.717616.259.1592554922.726/1.2.840.113619.2.278.3.717616.259.1592554922.850.4202498,portal-venous
1.2.840.113619.2.278.3.717616.259.1592554936.606,/media/disk1/saeedeh_danaei/ncct_cect/vindr_ds/batch9/1.2.840.113619.2.278.3.717616.259.1592554936.606/1.2.840.113619.2.278.3.717616.259.1592554936.611.3,non-contrast,/media/disk1/saeedeh_danaei/ncct_cect/vindr_ds/batch9/1.2.840.113619.2.278.3.717616.259.1592554936.606/1.2.840.113619.2.278.3.717616.259.1592554936.693.4198401,arterial
1.2.840.113619.2.278.3.717616.259.1592554936.606,/media/disk1/saeedeh_danaei/ncct_cect/vindr_ds/batch9/1.2.840.113619.2.278.3.717616.259.1592554936.606/1.2.840.113619.2.278.3.717616.259.1592554936.611.3,non-contrast,/media/disk1/saeedeh_danaei/ncct_cect/vindr_ds/batch9/1.2.840.113619.2.278.3.717616.259.1592554936.606/1.2.840.113619.2.278.3.717616.259.1592554936.693.4202498,portal-venous
1.2.840.113619.2.278.3.717616.259.1592554937.154,/media/disk1/saeedeh_danaei/ncct_cect/vindr_ds/batch9/1.2.840.113619.2.278.3.717616.259.1592554937.154/1.2.840.113619.2.278.3.717616.259.1592554937.159.3,non-contrast,/media/disk1/saeedeh_danaei/ncct_cect/vindr_ds/batch9/1.2.840.113619.2.278.3.717616.259.1592554937.154/1.2.840.113619.2.278.3.717616.259.1592554937.265.4198401,arterial
1.2.840.113619.2.278.3.717616.259.1592554937.154,/media/disk1/saeedeh_danaei/ncct_cect/vindr_ds/batch9/1.2.840.113619.2.278.3.717616.259.1592554937.154/1.2.840.113619.2.278.3.717616.259.1592554937.159.3,non-contrast,/media/disk1/saeedeh_danaei/ncct_cect/vindr_ds/batch9/1.2.840.113619.2.278.3.717616.259.1592554937.154/1.2.840.113619.2.278.3.717616.259.1592554937.265.4202498,portal-venous
1.2.840.113619.2.278.3.717616.259.1592554937.658,/media/disk1/saeedeh_danaei/ncct_cect/vindr_ds/batch9/1.2.840.113619.2.278.3.717616.259.1592554937.658/1.2.840.113619.2.278.3.717616.259.1592554937.663.3,non-contrast,/media/disk1/saeedeh_danaei/ncct_cect/vindr_ds/batch9/1.2.840.113619.2.278.3.717616.259.1592554937.658/1.2.840.113619.2.278.3.717616.259.1592554937.792.4198401,arterial
1.2.840.113619.2.278.3.717616.259.1592554937.658,/media/disk1/saeedeh_danaei/ncct_cect/vindr_ds/batch9/1.2.840.113619.2.278.3.717616.259.1592554937.658/1.2.840.113619.2.278.3.717616.259.1592554937.663.3,non-contrast,/media/disk1/saeedeh_danaei/ncct_cect/vindr_ds/batch9/1.2.840.113619.2.278.3.717616.259.1592554937.658/1.2.840.113619.2.278.3.717616.259.1592554937.792.4202498,portal-venous
1.2.840.113619.2.278.3.717616.259.1592554945.3,/media/disk1/saeedeh_danaei/ncct_cect/vindr_ds/batch9/1.2.840.113619.2.278.3.717616.259.1592554945.3/1.2.840.113619.2.278.3.717616.259.1592554945.8.3,non-contrast,/media/disk1/saeedeh_danaei/ncct_cect/vindr_ds/batch9/1.2.840.113619.2.278.3.717616.259.1592554945.3/1.2.840.113619.2.278.3.717616.259.1592554945.96.4198401,arterial
1.2.840.113619.2.278.3.717616.259.1592554945.3,/media/disk1/saeedeh_danaei/ncct_cect/vindr_ds/batch9/1.2.840.113619.2.278.3.717616.259.1592554945.3/1.2.840.113619.2.278.3.717616.259.1592554945.8.3,non-contrast,/media/disk1/saeedeh_danaei/ncct_cect/vindr_ds/batch9/1.2.840.113619.2.278.3.717616.259.1592554945.3/1.2.840.113619.2.278.3.717616.259.1592554945.96.4202498,portal-venous
1.2.840.113619.2.278.3.717616.260.1578649323.62,/media/disk1/saeedeh_danaei/ncct_cect/vindr_ds/batch9/1.2.840.113619.2.278.3.717616.260.1578649323.62/1.2.840.113619.2.278.3.717616.260.1578649323.69.4,non-contrast,/media/disk1/saeedeh_danaei/ncct_cect/vindr_ds/batch9/1.2.840.113619.2.278.3.717616.260.1578649323.62/1.2.840.113619.2.278.3.717616.260.1578649323.161.5246977,arterial
1.2.840.113619.2.278.3.717616.260.1578649323.62,/media/disk1/saeedeh_danaei/ncct_cect/vindr_ds/batch9/1.2.840.113619.2.278.3.717616.260.1578649323.62/1.2.840.113619.2.278.3.717616.260.1578649323.69.4,non-contrast,/media/disk1/saeedeh_danaei/ncct_cect/vindr_ds/batch9/1.2.840.113619.2.278.3.717616.260.1578649323.62/1.2.840.113619.2.278.3.717616.260.1578649323.161.5251074,portal-venous
1.2.840.113619.2.278.3.717616.260.1578649330.227,/media/disk1/saeedeh_danaei/ncct_cect/vindr_ds/batch9/1.2.840.113619.2.278.3.717616.260.1578649330.227/1.2.840.113619.2.278.3.717616.260.1578649330.232.3,non-contrast,/media/disk1/saeedeh_danaei/ncct_cect/vindr_ds/batch9/1.2.840.113619.2.278.3.717616.260.1578649330.227/1.2.840.113619.2.278.3.717616.260.1578649330.357.4198401,arterial
1.2.840.113619.2.278.3.717616.260.1578649330.227,/media/disk1/saeedeh_danaei/ncct_cect/vindr_ds/batch9/1.2.840.113619.2.278.3.717616.260.1578649330.227/1.2.840.113619.2.278.3.717616.260.1578649330.232.3,non-contrast,/media/disk1/saeedeh_danaei/ncct_cect/vindr_ds/batch9/1.2.840.113619.2.278.3.717616.260.1578649330.227/1.2.840.113619.2.278.3.717616.260.1578649330.357.4202498,portal-venous
1.2.840.113619.2.278.3.717616.260.1578649343.978,/media/disk1/saeedeh_danaei/ncct_cect/vindr_ds/batch9/1.2.840.113619.2.278.3.717616.260.1578649343.978/1.2.840.113619.2.278.3.717616.260.1578649343.983.3,non-contrast,/media/disk1/saeedeh_danaei/ncct_cect/vindr_ds/batch9/1.2.840.113619.2.278.3.717616.260.1578649343.978/1.2.840.113619.2.278.3.717616.260.1578649344.70.4198401,arterial
1.2.840.113619.2.278.3.717616.260.1578649343.978,/media/disk1/saeedeh_danaei/ncct_cect/vindr_ds/batch9/1.2.840.113619.2.278.3.717616.260.1578649343.978/1.2.840.113619.2.278.3.717616.260.1578649343.983.3,non-contrast,/media/disk1/saeedeh_danaei/ncct_cect/vindr_ds/batch9/1.2.840.113619.2.278.3.717616.260.1578649343.978/1.2.840.113619.2.278.3.717616.260.1578649344.70.4202498,portal-venous
1.2.840.113619.2.278.3.717616.260.1578649359.241,/media/disk1/saeedeh_danaei/ncct_cect/vindr_ds/batch9/1.2.840.113619.2.278.3.717616.260.1578649359.241/1.2.840.113619.2.278.3.717616.260.1578649359.246.3,non-contrast,/media/disk1/saeedeh_danaei/ncct_cect/vindr_ds/batch9/1.2.840.113619.2.278.3.717616.260.1578649359.241/1.2.840.113619.2.278.3.717616.260.1578649359.370.4198401,arterial
1.2.840.113619.2.278.3.717616.260.1578649359.241,/media/disk1/saeedeh_danaei/ncct_cect/vindr_ds/batch9/1.2.840.113619.2.278.3.717616.260.1578649359.241/1.2.840.113619.2.278.3.717616.260.1578649359.246.3,non-contrast,/media/disk1/saeedeh_danaei/ncct_cect/vindr_ds/batch9/1.2.840.113619.2.278.3.717616.260.1578649359.241/1.2.840.113619.2.278.3.717616.260.1578649359.370.4202498,portal-venous
1.2.840.113619.2.278.3.717616.260.1578649367.247,/media/disk1/saeedeh_danaei/ncct_cect/vindr_ds/batch8/1.2.840.113619.2.278.3.717616.260.1578649367.247/1.2.840.113619.2.278.3.717616.260.1578649367.252.3,non-contrast,/media/disk1/saeedeh_danaei/ncct_cect/vindr_ds/batch8/1.2.840.113619.2.278.3.717616.260.1578649367.247/1.2.840.113619.2.278.3.717616.260.1578649367.337.4198401,arterial
1.2.840.113619.2.278.3.717616.260.1578649367.247,/media/disk1/saeedeh_danaei/ncct_cect/vindr_ds/batch8/1.2.840.113619.2.278.3.717616.260.1578649367.247/1.2.840.113619.2.278.3.717616.260.1578649367.252.3,non-contrast,/media/disk1/saeedeh_danaei/ncct_cect/vindr_ds/batch8/1.2.840.113619.2.278.3.717616.260.1578649367.247/1.2.840.113619.2.278.3.717616.260.1578649367.337.4202498,portal-venous
1.2.840.113619.2.278.3.717616.260.1578649371.734,/media/disk1/saeedeh_danaei/ncct_cect/vindr_ds/batch8/1.2.840.113619.2.278.3.717616.260.1578649371.734/1.2.840.113619.2.278.3.717616.260.1578649371.739.3,non-contrast,/media/disk1/saeedeh_danaei/ncct_cect/vindr_ds/batch8/1.2.840.113619.2.278.3.717616.260.1578649371.734/1.2.840.113619.2.278.3.717616.260.1578649371.831.4198401,arterial
1.2.840.113619.2.278.3.717616.260.1578649371.734,/media/disk1/saeedeh_danaei/ncct_cect/vindr_ds/batch8/1.2.840.113619.2.278.3.717616.260.1578649371.734/1.2.840.113619.2.278.3.717616.260.1578649371.739.3,non-contrast,/media/disk1/saeedeh_danaei/ncct_cect/vindr_ds/batch8/1.2.840.113619.2.278.3.717616.260.1578649371.734/1.2.840.113619.2.278.3.717616.260.1578649371.831.4202498,portal-venous
1.2.840.113619.2.278.3.717616.260.1578649372.302,/media/disk1/saeedeh_danaei/ncct_cect/vindr_ds/batch8/1.2.840.113619.2.278.3.717616.260.1578649372.302/1.2.840.113619.2.278.3.717616.260.1578649372.309.3,non-contrast,/media/disk1/saeedeh_danaei/ncct_cect/vindr_ds/batch8/1.2.840.113619.2.278.3.717616.260.1578649372.302/1.2.840.113619.2.278.3.717616.260.1578649372.435.4198401,arterial
1.2.840.113619.2.278.3.717616.260.1578649372.302,/media/disk1/saeedeh_danaei/ncct_cect/vindr_ds/batch8/1.2.840.113619.2.278.3.717616.260.1578649372.302/1.2.840.113619.2.278.3.717616.260.1578649372.309.3,non-contrast,/media/disk1/saeedeh_danaei/ncct_cect/vindr_ds/batch8/1.2.840.113619.2.278.3.717616.260.1578649372.302/1.2.840.113619.2.278.3.717616.260.1578649372.435.4202498,portal-venous
1.2.840.113619.2.278.3.717616.260.1578649380.289,/media/disk1/saeedeh_danaei/ncct_cect/vindr_ds/batch8/1.2.840.113619.2.278.3.717616.260.1578649380.289/1.2.840.113619.2.278.3.717616.260.1578649380.294.3,non-contrast,/media/disk1/saeedeh_danaei/ncct_cect/vindr_ds/batch8/1.2.840.113619.2.278.3.717616.260.1578649380.289/1.2.840.113619.2.278.3.717616.260.1578649380.417.4198401,arterial
1.2.840.113619.2.278.3.717616.260.1578649380.289,/media/disk1/saeedeh_danaei/ncct_cect/vindr_ds/batch8/1.2.840.113619.2.278.3.717616.260.1578649380.289/1.2.840.113619.2.278.3.717616.260.1578649380.294.3,non-contrast,/media/disk1/saeedeh_danaei/ncct_cect/vindr_ds/batch8/1.2.840.113619.2.278.3.717616.260.1578649380.289/1.2.840.113619.2.278.3.717616.260.1578649380.417.4202498,portal-venous
1.2.840.113619.2.278.3.717616.260.1578649381.693,/media/disk1/saeedeh_danaei/ncct_cect/vindr_ds/batch8/1.2.840.113619.2.278.3.717616.260.1578649381.693/1.2.840.113619.2.278.3.717616.260.1578649381.698.3,non-contrast,/media/disk1/saeedeh_danaei/ncct_cect/vindr_ds/batch8/1.2.840.113619.2.278.3.717616.260.1578649381.693/1.2.840.113619.2.278.3.717616.260.1578649381.790.4198401,arterial
1.2.840.113619.2.278.3.717616.260.1578649381.693,/media/disk1/saeedeh_danaei/ncct_cect/vindr_ds/batch8/1.2.840.113619.2.278.3.717616.260.1578649381.693/1.2.840.113619.2.278.3.717616.260.1578649381.698.3,non-contrast,/media/disk1/saeedeh_danaei/ncct_cect/vindr_ds/batch8/1.2.840.113619.2.278.3.717616.260.1578649381.693/1.2.840.113619.2.278.3.717616.260.1578649381.790.4202498,portal-venous
1.2.840.113619.2.278.3.717616.260.1578649386.487,/media/disk1/saeedeh_danaei/ncct_cect/vindr_ds/batch8/1.2.840.113619.2.278.3.717616.260.1578649386.487/1.2.840.113619.2.278.3.717616.260.1578649386.492.3,non-contrast,/media/disk1/saeedeh_danaei/ncct_cect/vindr_ds/batch8/1.2.840.113619.2.278.3.717616.260.1578649386.487/1.2.840.113619.2.278.3.717616.260.1578649386.582.4198401,arterial
1.2.840.113619.2.278.3.717616.260.1578649386.487,/media/disk1/saeedeh_danaei/ncct_cect/vindr_ds/batch8/1.2.840.113619.2.278.3.717616.260.1578649386.487/1.2.840.113619.2.278.3.717616.260.1578649386.492.3,non-contrast,/media/disk1/saeedeh_danaei/ncct_cect/vindr_ds/batch8/1.2.840.113619.2.278.3.717616.260.1578649386.487/1.2.840.113619.2.278.3.717616.260.1578649386.582.4202498,portal-venous
1.2.840.113619.2.278.3.717616.260.1578649416.931,/media/disk1/saeedeh_danaei/ncct_cect/vindr_ds/batch8/1.2.840.113619.2.278.3.717616.260.1578649416.931/1.2.840.113619.2.278.3.717616.260.1578649416.936.3,non-contrast,/media/disk1/saeedeh_danaei/ncct_cect/vindr_ds/batch8/1.2.840.113619.2.278.3.717616.260.1578649416.931/1.2.840.113619.2.278.3.717616.260.1578649417.37.4198401,arterial
1.2.840.113619.2.278.3.717616.260.1578649416.931,/media/disk1/saeedeh_danaei/ncct_cect/vindr_ds/batch8/1.2.840.113619.2.278.3.717616.260.1578649416.931/1.2.840.113619.2.278.3.717616.260.1578649416.936.3,non-contrast,/media/disk1/saeedeh_danaei/ncct_cect/vindr_ds/batch8/1.2.840.113619.2.278.3.717616.260.1578649416.931/1.2.840.113619.2.278.3.717616.260.1578649417.37.4202498,portal-venous
1.2.840.113619.2.278.3.717616.260.1578649417.892,/media/disk1/saeedeh_danaei/ncct_cect/vindr_ds/batch8/1.2.840.113619.2.278.3.717616.260.1578649417.892/1.2.840.113619.2.278.3.717616.260.1578649417.897.3,non-contrast,/media/disk1/saeedeh_danaei/ncct_cect/vindr_ds/batch8/1.2.840.113619.2.278.3.717616.260.1578649417.892/1.2.840.113619.2.278.3.717616.260.1578649417.998.4198401,arterial
1.2.840.113619.2.278.3.717616.260.1578649417.892,/media/disk1/saeedeh_danaei/ncct_cect/vindr_ds/batch8/1.2.840.113619.2.278.3.717616.260.1578649417.892/1.2.840.113619.2.278.3.717616.260.1578649417.897.3,non-contrast,/media/disk1/saeedeh_danaei/ncct_cect/vindr_ds/batch8/1.2.840.113619.2.278.3.717616.260.1578649417.892/1.2.840.113619.2.278.3.717616.260.1578649417.998.4202498,portal-venous
1.2.840.113619.2.278.3.717616.260.1578649418.868,/media/disk1/saeedeh_danaei/ncct_cect/vindr_ds/batch8/1.2.840.113619.2.278.3.717616.260.1578649418.868/1.2.840.113619.2.278.3.717616.260.1578649418.873.3,non-contrast,/media/disk1/saeedeh_danaei/ncct_cect/vindr_ds/batch8/1.2.840.113619.2.278.3.717616.260.1578649418.868/1.2.840.113619.2.278.3.717616.260.1578649419.700.11,arterial
1.2.840.113619.2.278.3.717616.260.1578649418.868,/media/disk1/saeedeh_danaei/ncct_cect/vindr_ds/batch8/1.2.840.113619.2.278.3.717616.260.1578649418.868/1.2.840.113619.2.278.3.717616.260.1578649418.873.3,non-contrast,/media/disk1/saeedeh_danaei/ncct_cect/vindr_ds/batch8/1.2.840.113619.2.278.3.717616.260.1578649418.868/1.2.840.113619.2.278.3.717616.260.1578649418.976.4202498,portal-venous
1.2.840.113619.2.278.3.717616.286.1587944966.46,/media/disk1/saeedeh_danaei/ncct_cect/vindr_ds/batch8/1.2.840.113619.2.278.3.717616.286.1587944966.46/1.2.840.113619.2.278.3.717616.286.1587944966.51.3,non-contrast,/media/disk1/saeedeh_danaei/ncct_cect/vindr_ds/batch8/1.2.840.113619.2.278.3.717616.286.1587944966.46/1.2.840.113619.2.278.3.717616.286.1587944966.152.4198401,arterial
1.2.840.113619.2.278.3.717616.286.1587944966.46,/media/disk1/saeedeh_danaei/ncct_cect/vindr_ds/batch8/1.2.840.113619.2.278.3.717616.286.1587944966.46/1.2.840.113619.2.278.3.717616.286.1587944966.51.3,non-contrast,/media/disk1/saeedeh_danaei/ncct_cect/vindr_ds/batch8/1.2.840.113619.2.278.3.717616.286.1587944966.46/1.2.840.113619.2.278.3.717616.286.1587944966.152.4202498,portal-venous
1.2.840.113619.2.278.3.717616.286.1587944966.506,/media/disk1/saeedeh_danaei/ncct_cect/vindr_ds/batch8/1.2.840.113619.2.278.3.717616.286.1587944966.506/1.2.840.113619.2.278.3.717616.286.1587944966.511.3,non-contrast,/media/disk1/saeedeh_danaei/ncct_cect/vindr_ds/batch8/1.2.840.113619.2.278.3.717616.286.1587944966.506/1.2.840.113619.2.278.3.717616.286.1587944966.605.4198401,arterial
1.2.840.113619.2.278.3.717616.286.1587944966.506,/media/disk1/saeedeh_danaei/ncct_cect/vindr_ds/batch8/1.2.840.113619.2.278.3.717616.286.1587944966.506/1.2.840.113619.2.278.3.717616.286.1587944966.511.3,non-contrast,/media/disk1/saeedeh_danaei/ncct_cect/vindr_ds/batch8/1.2.840.113619.2.278.3.717616.286.1587944966.506/1.2.840.113619.2.278.3.717616.286.1587944966.605.4202498,portal-venous
1.2.840.113619.2.278.3.717616.286.1587944967.557,/media/disk1/saeedeh_danaei/ncct_cect/vindr_ds/batch8/1.2.840.113619.2.278.3.717616.286.1587944967.557/1.2.840.113619.2.278.3.717616.286.1587944967.562.3,non-contrast,/media/disk1/saeedeh_danaei/ncct_cect/vindr_ds/batch8/1.2.840.113619.2.278.3.717616.286.1587944967.557/1.2.840.113619.2.278.3.717616.286.1587944967.658.4198401,arterial
1.2.840.113619.2.278.3.717616.286.1587944967.557,/media/disk1/saeedeh_danaei/ncct_cect/vindr_ds/batch8/1.2.840.113619.2.278.3.717616.286.1587944967.557/1.2.840.113619.2.278.3.717616.286.1587944967.562.3,non-contrast,/media/disk1/saeedeh_danaei/ncct_cect/vindr_ds/batch8/1.2.840.113619.2.278.3.717616.286.1587944967.557/1.2.840.113619.2.278.3.717616.286.1587944967.658.4202498,portal-venous
1.2.840.113619.2.278.3.717616.286.1587944968.878,/media/disk1/saeedeh_danaei/ncct_cect/vindr_ds/batch8/1.2.840.113619.2.278.3.717616.286.1587944968.878/1.2.840.113619.2.278.3.717616.286.1587944968.883.3,non-contrast,/media/disk1/saeedeh_danaei/ncct_cect/vindr_ds/batch8/1.2.840.113619.2.278.3.717616.286.1587944968.878/1.2.840.113619.2.278.3.717616.286.1587944968.981.4198401,arterial
1.2.840.113619.2.278.3.717616.286.1587944968.878,/media/disk1/saeedeh_danaei/ncct_cect/vindr_ds/batch8/1.2.840.113619.2.278.3.717616.286.1587944968.878/1.2.840.113619.2.278.3.717616.286.1587944968.883.3,non-contrast,/media/disk1/saeedeh_danaei/ncct_cect/vindr_ds/batch8/1.2.840.113619.2.278.3.717616.286.1587944968.878/1.2.840.113619.2.278.3.717616.286.1587944968.981.4202498,portal-venous
1.2.840.113619.2.278.3.717616.286.1587944973.161,/media/disk1/saeedeh_danaei/ncct_cect/vindr_ds/batch8/1.2.840.113619.2.278.3.717616.286.1587944973.161/1.2.840.113619.2.278.3.717616.286.1587944973.166.3,non-contrast,/media/disk1/saeedeh_danaei/ncct_cect/vindr_ds/batch8/1.2.840.113619.2.278.3.717616.286.1587944973.161/1.2.840.113619.2.278.3.717616.286.1587944973.290.4198401,arterial
1.2.840.113619.2.278.3.717616.286.1587944973.161,/media/disk1/saeedeh_danaei/ncct_cect/vindr_ds/batch8/1.2.840.113619.2.278.3.717616.286.1587944973.161/1.2.840.113619.2.278.3.717616.286.1587944973.166.3,non-contrast,/media/disk1/saeedeh_danaei/ncct_cect/vindr_ds/batch8/1.2.840.113619.2.278.3.717616.286.1587944973.161/1.2.840.113619.2.278.3.717616.286.1587944973.290.4202498,portal-venous
1.2.840.113619.2.278.3.717616.286.1587944975.372,/media/disk1/saeedeh_danaei/ncct_cect/vindr_ds/batch8/1.2.840.113619.2.278.3.717616.286.1587944975.372/1.2.840.113619.2.278.3.717616.286.1587944975.377.3,non-contrast,/media/disk1/saeedeh_danaei/ncct_cect/vindr_ds/batch8/1.2.840.113619.2.278.3.717616.286.1587944975.372/1.2.840.113619.2.278.3.717616.286.1587944975.500.4198401,arterial
1.2.840.113619.2.278.3.717616.286.1587944975.372,/media/disk1/saeedeh_danaei/ncct_cect/vindr_ds/batch8/1.2.840.113619.2.278.3.717616.286.1587944975.372/1.2.840.113619.2.278.3.717616.286.1587944975.377.3,non-contrast,/media/disk1/saeedeh_danaei/ncct_cect/vindr_ds/batch8/1.2.840.113619.2.278.3.717616.286.1587944975.372/1.2.840.113619.2.278.3.717616.286.1587944975.500.4202498,portal-venous
1.2.840.113619.2.278.3.717616.286.1587944978.330,/media/disk1/saeedeh_danaei/ncct_cect/vindr_ds/batch8/1.2.840.113619.2.278.3.717616.286.1587944978.330/1.2.840.113619.2.278.3.717616.286.1587944978.335.3,non-contrast,/media/disk1/saeedeh_danaei/ncct_cect/vindr_ds/batch8/1.2.840.113619.2.278.3.717616.286.1587944978.330/1.2.840.113619.2.278.3.717616.286.1587944978.417.4198401,arterial
1.2.840.113619.2.278.3.717616.286.1587944978.330,/media/disk1/saeedeh_danaei/ncct_cect/vindr_ds/batch8/1.2.840.113619.2.278.3.717616.286.1587944978.330/1.2.840.113619.2.278.3.717616.286.1587944978.335.3,non-contrast,/media/disk1/saeedeh_danaei/ncct_cect/vindr_ds/batch8/1.2.840.113619.2.278.3.717616.286.1587944978.330/1.2.840.113619.2.278.3.717616.286.1587944978.417.4202498,portal-venous
1.2.840.113619.2.278.3.717616.286.1587944978.649,/media/disk1/saeedeh_danaei/ncct_cect/vindr_ds/batch8/1.2.840.113619.2.278.3.717616.286.1587944978.649/1.2.840.113619.2.278.3.717616.286.1587944978.654.3,non-contrast,/media/disk1/saeedeh_danaei/ncct_cect/vindr_ds/batch8/1.2.840.113619.2.278.3.717616.286.1587944978.649/1.2.840.113619.2.278.3.717616.286.1587944978.742.4198401,arterial
1.2.840.113619.2.278.3.717616.286.1587944978.649,/media/disk1/saeedeh_danaei/ncct_cect/vindr_ds/batch8/1.2.840.113619.2.278.3.717616.286.1587944978.649/1.2.840.113619.2.278.3.717616.286.1587944978.654.3,non-contrast,/media/disk1/saeedeh_danaei/ncct_cect/vindr_ds/batch8/1.2.840.113619.2.278.3.717616.286.1587944978.649/1.2.840.113619.2.278.3.717616.286.1587944978.742.4202498,portal-venous
1.2.840.113619.2.278.3.717616.286.1587944978.934,/media/disk1/saeedeh_danaei/ncct_cect/vindr_ds/batch8/1.2.840.113619.2.278.3.717616.286.1587944978.934/1.2.840.113619.2.278.3.717616.286.1587944978.939.3,non-contrast,/media/disk1/saeedeh_danaei/ncct_cect/vindr_ds/batch8/1.2.840.113619.2.278.3.717616.286.1587944978.934/1.2.840.113619.2.278.3.717616.286.1587944979.30.4198401,arterial
1.2.840.113619.2.278.3.717616.286.1587944978.934,/media/disk1/saeedeh_danaei/ncct_cect/vindr_ds/batch8/1.2.840.113619.2.278.3.717616.286.1587944978.934/1.2.840.113619.2.278.3.717616.286.1587944978.939.3,non-contrast,/media/disk1/saeedeh_danaei/ncct_cect/vindr_ds/batch8/1.2.840.113619.2.278.3.717616.286.1587944978.934/1.2.840.113619.2.278.3.717616.286.1587944979.30.4202498,portal-venous
1.2.840.113619.2.278.3.717616.286.1587944983.828,/media/disk1/saeedeh_danaei/ncct_cect/vindr_ds/batch8/1.2.840.113619.2.278.3.717616.286.1587944983.828/1.2.840.113619.2.278.3.717616.286.1587944983.833.3,non-contrast,/media/disk1/saeedeh_danaei/ncct_cect/vindr_ds/batch8/1.2.840.113619.2.278.3.717616.286.1587944983.828/1.2.840.113619.2.278.3.717616.286.1587944983.915.4198401,arterial
1.2.840.113619.2.278.3.717616.286.1587944983.828,/media/disk1/saeedeh_danaei/ncct_cect/vindr_ds/batch8/1.2.840.113619.2.278.3.717616.286.1587944983.828/1.2.840.113619.2.278.3.717616.286.1587944983.833.3,non-contrast,/media/disk1/saeedeh_danaei/ncct_cect/vindr_ds/batch8/1.2.840.113619.2.278.3.717616.286.1587944983.828/1.2.840.113619.2.278.3.717616.286.1587944983.915.4202498,portal-venous
1.2.840.113619.2.278.3.717616.286.1587944984.611,/media/disk1/saeedeh_danaei/ncct_cect/vindr_ds/batch8/1.2.840.113619.2.278.3.717616.286.1587944984.611/1.2.840.113619.2.278.3.717616.286.1587944984.616.3,non-contrast,/media/disk1/saeedeh_danaei/ncct_cect/vindr_ds/batch8/1.2.840.113619.2.278.3.717616.286.1587944984.611/1.2.840.113619.2.278.3.717616.286.1587944984.696.4198401,arterial
1.2.840.113619.2.278.3.717616.286.1587944984.611,/media/disk1/saeedeh_danaei/ncct_cect/vindr_ds/batch8/1.2.840.113619.2.278.3.717616.286.1587944984.611/1.2.840.113619.2.278.3.717616.286.1587944984.616.3,non-contrast,/media/disk1/saeedeh_danaei/ncct_cect/vindr_ds/batch8/1.2.840.113619.2.278.3.717616.286.1587944984.611/1.2.840.113619.2.278.3.717616.286.1587944984.696.4202498,portal-venous
1.2.840.113619.2.278.3.717616.286.1593493247.138,/media/disk1/saeedeh_danaei/ncct_cect/vindr_ds/batch8/1.2.840.113619.2.278.3.717616.286.1593493247.138/1.2.840.113619.2.278.3.717616.286.1593493247.143.3,non-contrast,/media/disk1/saeedeh_danaei/ncct_cect/vindr_ds/batch8/1.2.840.113619.2.278.3.717616.286.1593493247.138/1.2.840.113619.2.278.3.717616.286.1593493247.251.4198401,arterial
1.2.840.113619.2.278.3.717616.286.1593493247.138,/media/disk1/saeedeh_danaei/ncct_cect/vindr_ds/batch8/1.2.840.113619.2.278.3.717616.286.1593493247.138/1.2.840.113619.2.278.3.717616.286.1593493247.143.3,non-contrast,/media/disk1/saeedeh_danaei/ncct_cect/vindr_ds/batch8/1.2.840.113619.2.278.3.717616.286.1593493247.138/1.2.840.113619.2.278.3.717616.286.1593493247.251.4202498,portal-venous
1.2.840.113619.2.278.3.717616.286.1593493249.833,/media/disk1/saeedeh_danaei/ncct_cect/vindr_ds/batch8/1.2.840.113619.2.278.3.717616.286.1593493249.833/1.2.840.113619.2.278.3.717616.286.1593493249.838.3,non-contrast,/media/disk1/saeedeh_danaei/ncct_cect/vindr_ds/batch8/1.2.840.113619.2.278.3.717616.286.1593493249.833/1.2.840.113619.2.278.3.717616.286.1593493249.959.4198401,arterial
1.2.840.113619.2.278.3.717616.286.1593493249.833,/media/disk1/saeedeh_danaei/ncct_cect/vindr_ds/batch8/1.2.840.113619.2.278.3.717616.286.1593493249.833/1.2.840.113619.2.278.3.717616.286.1593493249.838.3,non-contrast,/media/disk1/saeedeh_danaei/ncct_cect/vindr_ds/batch8/1.2.840.113619.2.278.3.717616.286.1593493249.833/1.2.840.113619.2.278.3.717616.286.1593493249.959.4202498,portal-venous
1.2.840.113619.2.278.3.717616.286.1593493262.858,/media/disk1/saeedeh_danaei/ncct_cect/vindr_ds/batch8/1.2.840.113619.2.278.3.717616.286.1593493262.858/1.2.840.113619.2.278.3.717616.286.1593493262.863.3,non-contrast,/media/disk1/saeedeh_danaei/ncct_cect/vindr_ds/batch8/1.2.840.113619.2.278.3.717616.286.1593493262.858/1.2.840.113619.2.278.3.717616.286.1593493262.956.4198401,arterial
1.2.840.113619.2.278.3.717616.286.1593493262.858,/media/disk1/saeedeh_danaei/ncct_cect/vindr_ds/batch8/1.2.840.113619.2.278.3.717616.286.1593493262.858/1.2.840.113619.2.278.3.717616.286.1593493262.863.3,non-contrast,/media/disk1/saeedeh_danaei/ncct_cect/vindr_ds/batch8/1.2.840.113619.2.278.3.717616.286.1593493262.858/1.2.840.113619.2.278.3.717616.286.1593493262.956.4202498,portal-venous
1.2.840.113619.2.278.3.717616.286.1593493267.487,/media/disk1/saeedeh_danaei/ncct_cect/vindr_ds/batch8/1.2.840.113619.2.278.3.717616.286.1593493267.487/1.2.840.113619.2.278.3.717616.286.1593493267.492.3,non-contrast,/media/disk1/saeedeh_danaei/ncct_cect/vindr_ds/batch8/1.2.840.113619.2.278.3.717616.286.1593493267.487/1.2.840.113619.2.278.3.717616.286.1593493267.603.4198401,arterial
1.2.840.113619.2.278.3.717616.286.1593493267.487,/media/disk1/saeedeh_danaei/ncct_cect/vindr_ds/batch8/1.2.840.113619.2.278.3.717616.286.1593493267.487/1.2.840.113619.2.278.3.717616.286.1593493267.492.3,non-contrast,/media/disk1/saeedeh_danaei/ncct_cect/vindr_ds/batch8/1.2.840.113619.2.278.3.717616.286.1593493267.487/1.2.840.113619.2.278.3.717616.286.1593493267.603.4202498,portal-venous
1.2.840.113619.2.278.3.717616.286.1593493269.25,/media/disk1/saeedeh_danaei/ncct_cect/vindr_ds/batch8/1.2.840.113619.2.278.3.717616.286.1593493269.25/1.2.840.113619.2.278.3.717616.286.1593493269.30.3,non-contrast,/media/disk1/saeedeh_danaei/ncct_cect/vindr_ds/batch8/1.2.840.113619.2.278.3.717616.286.1593493269.25/1.2.840.113619.2.278.3.717616.286.1593493269.109.4198401,arterial
1.2.840.113619.2.278.3.717616.286.1593493269.25,/media/disk1/saeedeh_danaei/ncct_cect/vindr_ds/batch8/1.2.840.113619.2.278.3.717616.286.1593493269.25/1.2.840.113619.2.278.3.717616.286.1593493269.30.3,non-contrast,/media/disk1/saeedeh_danaei/ncct_cect/vindr_ds/batch8/1.2.840.113619.2.278.3.717616.286.1593493269.25/1.2.840.113619.2.278.3.717616.286.1593493269.109.4202498,portal-venous
